Contract,Customer_Count,Churned_Customers,Churn_Rate,Churn_Rate_Percent
Month-to-month,3875,1655,0.4270967741935484,42.71
One year,1473,166,0.11269517990495587,11.27
Two year,1695,48,0.02831858407079646,2.83
