PaymentMethod,Customer_Count,Churned_Customers,Churn_Rate,Churn_Rate_Percent
Electronic check,2365,1071,0.4528541226215645,45.29
Mailed check,1612,308,0.19106699751861042,19.11
Bank transfer (automatic),1544,258,0.16709844559585493,16.71
Credit card (automatic),1522,232,0.15243101182654403,15.24
